# Score-readout lit-pixel series from assets/reference/skill3-video-tube.mp4, written by
#
#     python3 tools/video/score_windows.py --video --csv
#
# One row per video frame at 30 fps. lit_pixels is the count of pixels in the
# digit box (177, 208, 166, 220) whose cyan excess min(G,B)-R exceeds 45,
# after the box is placed by matching the readout's own SCORE label. lit = 1
# when lit_pixels >= 40, the floor the digits must clear before any
# reading is taken off them - the fabricated row this tool exists to prevent
# was read off a frame with 0.
# peak_luma is the brightest pixel in the same box, 0.299R+0.587G+0.114B. It is
# reported and never corrected: >= 240 means the panel is clipped and
# the digits on it may not be what the readout was showing.
frame,lit_pixels,lit,peak_luma
0,0,0,191.5
1,0,0,187.5
2,0,0,196.5
3,0,0,195.5
4,0,0,187.5
5,32,0,190.9
6,363,1,207.9
7,568,1,206.0
8,680,1,209.9
9,754,1,216.1
10,922,1,221.5
11,1010,1,225.7
12,1136,1,239.2
13,1414,1,238.9
14,1429,1,241.5
15,1455,1,241.8
16,1520,1,246.3
17,1536,1,245.7
18,1502,1,247.0
19,1530,1,246.4
20,1557,1,247.2
21,1483,1,251.1
22,1485,1,250.5
23,1524,1,246.0
24,1518,1,248.7
25,1502,1,246.6
26,1506,1,246.4
27,1484,1,246.1
28,1454,1,252.6
29,1503,1,248.2
30,1519,1,247.2
31,1470,1,246.9
32,1430,1,249.9
33,1477,1,247.2
34,1448,1,247.2
35,1486,1,247.5
36,1465,1,247.5
37,1487,1,252.9
38,1463,1,252.9
39,1486,1,247.2
40,1475,1,246.9
41,1505,1,246.3
42,1492,1,246.0
43,1487,1,245.7
44,1496,1,246.9
45,1496,1,246.0
46,1419,1,245.7
47,1459,1,245.7
48,1512,1,248.4
49,1481,1,247.8
50,1178,1,246.6
51,1534,1,251.7
52,1496,1,248.2
53,1523,1,248.7
54,1147,1,249.9
55,1505,1,248.8
56,1325,1,248.5
57,1350,1,248.7
58,1346,1,248.7
59,1422,1,248.4
60,1439,1,248.8
61,1456,1,249.9
62,1490,1,249.9
63,1502,1,248.4
64,1491,1,249.3
65,1455,1,249.3
66,1474,1,247.5
67,1439,1,250.5
68,1450,1,250.5
69,1510,1,248.4
70,1460,1,248.4
71,1496,1,248.7
72,1502,1,247.5
73,1462,1,245.1
74,1482,1,246.6
75,1486,1,245.4
76,1517,1,246.4
77,1423,1,243.3
78,1463,1,245.7
79,1502,1,243.6
80,1522,1,246.3
81,1423,1,246.6
82,1438,1,244.8
83,1493,1,244.9
84,1491,1,244.9
85,1424,1,244.8
86,1418,1,254.4
87,1397,1,254.1
88,1454,1,247.5
89,1444,1,246.4
90,1218,1,254.1
91,1279,1,253.5
92,1310,1,254.7
93,1414,1,252.9
94,1423,1,252.9
95,1439,1,251.1
96,1414,1,252.9
97,1412,1,253.5
98,1422,1,254.4
99,1413,1,254.4
100,1420,1,255.0
101,1398,1,255.0
102,1425,1,254.4
103,1442,1,253.5
104,1414,1,240.0
105,1412,1,239.2
106,1404,1,240.6
107,1470,1,251.1
108,1414,1,254.4
109,1182,1,246.0
110,1176,1,249.9
111,1123,1,248.1
112,1132,1,247.8
113,1102,1,246.0
114,1152,1,249.9
115,1168,1,247.8
116,1148,1,250.8
117,1146,1,250.8
118,1164,1,250.8
119,1241,1,250.5
120,1224,1,251.7
121,1171,1,248.7
122,1234,1,249.0
123,1224,1,249.0
124,1211,1,248.1
125,1294,1,247.2
126,1249,1,249.0
127,1285,1,249.0
128,1185,1,249.9
129,1190,1,248.7
130,1198,1,249.0
131,1153,1,250.2
132,1226,1,249.0
133,1192,1,248.7
134,1159,1,249.0
135,1192,1,248.1
136,1274,1,248.7
137,1150,1,249.9
138,1203,1,249.0
139,1300,1,251.1
140,1079,1,249.9
141,1006,1,248.7
142,1014,1,250.8
143,1095,1,250.5
144,1110,1,251.4
145,1076,1,248.4
146,1049,1,246.9
147,1232,1,246.3
148,1098,1,248.7
149,1051,1,246.3
150,1029,1,246.3
151,970,1,252.6
152,1163,1,248.4
153,1178,1,246.6
154,1189,1,245.4
155,1176,1,244.5
156,1177,1,245.7
157,1192,1,245.1
158,1123,1,246.3
159,1066,1,246.0
160,1124,1,245.1
161,1112,1,246.3
162,1004,1,246.9
163,1004,1,246.0
164,936,1,245.8
165,1190,1,247.2
166,962,1,247.8
167,1350,1,249.9
168,1256,1,251.4
169,1260,1,251.4
170,1251,1,249.6
171,1260,1,250.5
172,1253,1,250.5
173,1246,1,250.2
174,1206,1,250.8
175,1246,1,250.8
176,1200,1,249.6
177,1259,1,249.0
178,1281,1,250.8
179,1270,1,248.4
180,1264,1,249.3
181,1404,1,251.1
182,1408,1,252.0
183,1421,1,251.1
184,1329,1,251.4
185,1310,1,251.1
186,1284,1,251.1
187,1362,1,252.0
188,1365,1,252.9
189,1297,1,251.7
190,1325,1,252.0
191,1260,1,251.7
192,1241,1,252.6
193,1249,1,252.0
194,1270,1,249.9
195,1242,1,249.6
196,1280,1,249.6
197,1249,1,247.2
198,1224,1,248.1
199,1214,1,249.6
200,1220,1,249.9
201,1301,1,244.8
202,1282,1,248.4
203,1464,1,254.7
204,1243,1,252.0
205,1266,1,250.5
206,1237,1,251.1
207,1247,1,251.1
208,1282,1,249.9
209,1237,1,249.0
210,1237,1,249.0
211,1256,1,250.5
212,1282,1,251.1
213,1261,1,249.0
214,1225,1,249.0
215,1264,1,249.3
216,1248,1,251.1
217,1440,1,253.5
218,1271,1,248.4
219,1244,1,247.0
220,1244,1,247.0
221,1274,1,249.0
222,1241,1,246.9
223,1254,1,246.3
224,1284,1,246.4
225,1298,1,246.9
226,1302,1,246.3
227,1296,1,246.9
228,1298,1,247.8
229,1365,1,250.5
230,1381,1,250.5
231,1261,1,249.1
232,1233,1,250.5
233,1232,1,250.8
234,1227,1,250.0
235,1230,1,249.9
236,1209,1,249.9
237,1247,1,248.8
238,1245,1,249.6
239,1207,1,250.5
240,1203,1,250.5
241,1228,1,251.1
242,1437,1,253.5
243,1428,1,254.1
244,1282,1,250.0
245,1262,1,247.8
246,1308,1,249.3
247,1414,1,253.8
248,1354,1,252.6
249,1284,1,247.8
250,1187,1,251.1
251,1260,1,249.6
252,1327,1,249.9
253,1263,1,249.9
254,1296,1,252.0
255,1254,1,250.5
256,1245,1,249.6
257,1239,1,249.3
258,1338,1,251.1
259,1333,1,250.5
260,1402,1,250.8
261,1243,1,249.6
262,1220,1,251.4
263,1230,1,250.2
264,1238,1,250.2
265,1122,1,247.5
266,1369,1,251.1
267,1390,1,249.9
268,1395,1,250.5
269,1269,1,249.6
270,1308,1,249.9
271,1308,1,249.9
272,1405,1,255.0
273,1294,1,253.2
274,1241,1,251.4
275,1273,1,250.8
276,1330,1,252.0
277,1291,1,251.1
278,1276,1,252.9
279,1334,1,251.7
280,1346,1,252.0
281,1364,1,252.6
282,1426,1,253.2
283,1438,1,253.2
284,1452,1,253.5
285,1351,1,255.0
286,1354,1,253.5
287,1356,1,252.3
288,1410,1,252.0
289,1413,1,252.9
290,1348,1,252.9
291,1354,1,252.0
292,1368,1,252.6
293,1388,1,253.5
294,1395,1,253.5
295,1374,1,252.6
296,1437,1,252.6
297,1446,1,252.6
298,1474,1,252.0
299,1325,1,253.2
300,1336,1,252.9
301,1402,1,252.9
302,1322,1,253.2
303,1327,1,253.2
304,1330,1,252.6
305,1346,1,252.6
306,1350,1,252.6
307,1313,1,252.3
308,1283,1,252.3
309,1323,1,252.3
310,1367,1,252.0
311,1386,1,251.7
312,1372,1,246.9
313,1340,1,248.4
314,1385,1,252.6
315,1341,1,252.6
316,1338,1,250.8
317,1306,1,247.5
318,1303,1,252.0
319,1382,1,253.2
320,1364,1,252.9
321,1363,1,252.9
322,1369,1,252.0
323,1366,1,252.3
324,1373,1,252.0
325,1301,1,249.0
326,1236,1,211.5
327,1230,1,213.8
328,1268,1,224.8
329,1000,1,215.8
330,902,1,204.4
331,1118,1,213.6
332,1090,1,213.6
333,1066,1,214.8
334,1036,1,215.9
335,974,1,212.1
336,1012,1,211.2
337,1024,1,218.3
338,1002,1,214.5
339,1016,1,212.4
340,0,0,178.5
341,576,1,228.4
342,524,1,228.4
343,608,1,229.1
344,870,1,218.0
345,976,1,219.2
346,966,1,210.6
347,958,1,211.7
348,736,1,214.8
349,726,1,214.8
350,968,1,218.3
351,928,1,219.5
352,884,1,220.7
353,0,0,188.5
354,1010,1,219.1
355,1140,1,217.3
356,1118,1,217.4
357,1048,1,221.8
358,1036,1,221.2
359,1144,1,217.4
360,1138,1,217.7
361,1128,1,216.5
362,1106,1,215.6
363,1134,1,214.0
364,1084,1,215.0
365,1088,1,215.3
366,1100,1,216.2
367,1124,1,215.0
368,1136,1,211.2
369,1136,1,211.5
370,1122,1,210.9
371,1138,1,210.6
372,1122,1,208.5
373,1148,1,219.4
374,1186,1,218.8
375,58,1,201.7
376,1088,1,213.3
377,1110,1,217.9
378,1122,1,212.4
379,1124,1,216.5
380,1144,1,215.6
381,1132,1,213.9
382,1114,1,213.0
383,1140,1,214.7
384,1146,1,211.5
385,1138,1,211.4
386,1124,1,212.9
387,1158,1,215.0
388,0,0,188.7
389,1098,1,213.8
390,1078,1,211.8
391,1028,1,205.0
392,1020,1,200.8
393,1048,1,207.0
394,1126,1,210.3
395,1122,1,212.1
396,1080,1,208.9
397,1094,1,211.5
398,1158,1,217.1
399,1078,1,218.3
400,942,1,211.2
401,0,0,189.7
402,1344,1,206.6
403,0,0,192.5
404,0,0,192.5
405,0,0,198.3
406,0,0,198.3
407,0,0,192.5
408,0,0,189.7
409,0,0,189.7
410,0,0,194.5
411,0,0,56.4
412,0,0,198.7
413,0,0,188.7
414,0,0,194.3
415,0,0,188.5
416,0,0,192.5
417,0,0,54.6
418,0,0,189.7
419,0,0,188.7
420,0,0,186.1
421,0,0,185.5
422,0,0,185.5
423,0,0,52.9
424,0,0,185.7
425,0,0,185.5
426,0,0,108.0
427,0,0,182.3
428,0,0,185.3
429,0,0,61.5
430,0,0,181.3
431,0,0,171.5
432,0,0,166.5
433,0,0,167.3
434,0,0,169.3
435,0,0,172.3
436,0,0,174.3
437,0,0,177.3
438,0,0,179.3
439,1196,1,212.9
440,1402,1,211.3
441,1396,1,209.3
442,1368,1,215.2
443,1414,1,212.8
444,1482,1,210.7
445,1484,1,212.2
446,1508,1,212.2
447,1518,1,211.0
448,1488,1,213.7
449,1486,1,214.9
450,1522,1,215.8
451,1494,1,215.8
452,1484,1,214.6
453,1504,1,215.8
454,1470,1,212.2
455,1472,1,212.5
456,1482,1,213.1
457,1472,1,211.9
458,1472,1,210.7
459,1472,1,211.6
460,1454,1,212.5
461,1486,1,211.6
462,1518,1,215.8
463,1506,1,213.4
464,1494,1,209.0
465,1498,1,209.9
466,1472,1,211.7
467,1466,1,209.0
468,1472,1,212.6
469,1472,1,211.7
470,1464,1,211.7
471,1506,1,210.4
472,1482,1,211.0
473,1436,1,209.9
474,1462,1,210.4
475,1462,1,209.6
476,0,0,73.1
477,1366,1,208.1
478,1342,1,208.1
479,1414,1,210.5
480,1430,1,210.4
481,1344,1,207.2
482,1252,1,207.9
483,1318,1,204.6
484,1424,1,213.7
485,1392,1,206.6
486,1378,1,208.1
487,1386,1,206.1
488,1440,1,213.1
489,1424,1,212.2
490,1108,1,211.4
491,1172,1,210.6
492,1286,1,209.6
493,1320,1,209.9
494,1356,1,206.4
495,1332,1,209.9
496,1270,1,204.3
497,1360,1,206.1
498,1314,1,206.6
499,1382,1,210.4
500,1318,1,210.0
501,1300,1,213.8
502,1350,1,203.4
503,1322,1,204.0
504,1386,1,209.0
505,1314,1,204.6
506,1264,1,201.6
507,1286,1,201.3
508,1116,1,198.5
509,0,0,64.0
510,0,0,64.0
511,1312,1,207.5
512,1040,1,198.8
513,0,0,55.3
514,0,0,54.5
515,0,0,55.3
516,0,0,56.7
517,0,0,56.7
518,0,0,50.7
519,0,0,49.1
520,0,0,55.0
521,0,0,63.9
522,0,0,64.1
523,0,0,64.6
524,0,0,63.9
525,0,0,71.6
526,0,0,75.6
527,0,0,193.3
528,0,0,72.6
529,0,0,72.6
530,0,0,72.1
531,0,0,66.6
532,0,0,191.5
533,0,0,193.5
534,0,0,194.5
535,0,0,195.1
536,0,0,198.7
537,0,0,199.7
538,0,0,199.7
539,0,0,195.5
540,0,0,196.7
541,0,0,64.1
542,0,0,64.3
543,0,0,64.9
544,0,0,64.9
545,0,0,64.9
546,0,0,64.9
547,0,0,65.3
548,0,0,64.1
549,0,0,73.3
550,0,0,73.3
551,0,0,71.3
552,0,0,70.0
553,0,0,62.1
554,0,0,64.1
555,0,0,64.1
556,0,0,64.1
557,0,0,64.1
558,0,0,64.9
559,0,0,84.9
560,0,0,111.9
561,0,0,138.3
562,0,0,177.3
563,0,0,188.5
564,0,0,191.5
565,0,0,188.5
566,0,0,188.5
567,0,0,188.5
568,0,0,188.3
569,0,0,188.5
570,0,0,188.5
571,0,0,191.5
572,0,0,189.5
573,0,0,186.3
574,0,0,186.3
575,0,0,188.5
576,0,0,187.7
577,0,0,186.7
578,0,0,186.7
579,0,0,185.7
580,0,0,195.3
581,0,0,195.3
582,0,0,187.5
583,0,0,187.5
584,0,0,198.5
585,0,0,198.5
586,0,0,196.5
587,0,0,191.3
588,0,0,194.3
589,0,0,194.3
590,0,0,196.5
591,0,0,195.7
592,0,0,191.7
593,0,0,195.7
594,0,0,191.7
595,0,0,193.7
596,0,0,193.7
597,0,0,193.7
598,1414,1,211.9
599,1482,1,214.1
600,1484,1,212.9
601,1484,1,214.3
602,1474,1,214.6
603,1468,1,214.6
604,1496,1,214.6
605,1330,1,203.2
606,0,0,215.9
607,0,0,215.9
608,0,0,211.9
609,0,0,205.9
610,1480,1,213.4
611,1490,1,213.7
612,1490,1,214.3
613,1316,1,205.2
614,0,0,195.3
615,0,0,195.3
616,0,0,195.3
617,0,0,195.3
618,1446,1,213.4
619,1444,1,214.3
620,1396,1,206.6
621,1334,1,205.1
622,0,0,189.1
623,0,0,193.1
624,0,0,192.1
625,0,0,193.1
626,1492,1,214.9
627,1502,1,212.9
628,1488,1,214.6
629,1328,1,205.5
630,0,0,184.7
631,0,0,186.1
632,0,0,184.1
633,0,0,185.5
634,1498,1,214.6
635,1510,1,214.3
636,1496,1,213.1
637,1438,1,208.1
638,0,0,195.9
639,0,0,195.9
640,0,0,197.9
641,0,0,197.9
642,1508,1,216.2
643,1508,1,216.2
644,1504,1,214.7
645,1436,1,214.7
646,0,0,196.1
647,0,0,190.9
648,0,0,192.3
649,0,0,191.9
650,1480,1,222.7
651,1478,1,219.7
652,1494,1,216.1
653,1448,1,209.9
654,0,0,194.9
655,0,0,194.9
656,0,0,194.9
657,0,0,191.9
658,1290,1,255.0
659,264,1,195.1
660,0,0,193.9
661,0,0,193.9
662,0,0,193.9
663,0,0,193.9
664,0,0,193.9
665,0,0,189.5
666,0,0,180.1
667,0,0,172.1
668,0,0,179.1
669,0,0,130.5
670,0,0,139.5
671,0,0,169.5
672,0,0,175.5
673,0,0,174.5
674,0,0,170.5
675,0,0,138.5
676,0,0,135.5
677,0,0,166.5
678,0,0,184.5
679,0,0,194.1
680,0,0,198.1
681,0,0,184.5
682,0,0,185.5
683,0,0,188.1
684,0,0,182.5
685,0,0,179.3
686,0,0,177.5
687,0,0,174.3
688,0,0,184.1
689,0,0,181.1
690,0,0,178.5
691,0,0,178.5
692,0,0,178.5
693,0,0,184.5
694,0,0,181.3
695,0,0,182.7
696,0,0,181.1
